fun,status,success,message,energy,nfev,nit,name,iter,energy_reference,energy_error
6.78047246793767e-7,0,true,Solution found.,417.05626322727346,16,16,DOP853 [rtol=1e-12; atol=1e-13][l=1.0;m=0.5;lb=416.5;rb=417.5],0,417.056,0.00026322727347860564
0.00005167140148998328,0,true,Solution found.,1035.5441771306334,18,18,DOP853 [rtol=1e-12; atol=1e-13][l=1.0;m=0.5;lb=1035;rb=1037],0,1035.544,0.00017713063334667822
0.004085516415671009,0,true,Solution found.,21932.783722984845,15,15,DOP853 [rtol=1e-12; atol=1e-13][l=1.0;m=0.5;lb=21930;rb=21940],0,21932.783,0.0007229848451970611
0.22160825292132813,0,true,Solution found.,471103.77434486453,12,12,DOP853 [rtol=1e-12; atol=1e-13][l=1.0;m=0.5;lb=471100;rb=471110],0,471103.777,0.002655135467648506
1.3333220856281969e-6,0,true,Solution found.,417.0563010359103,16,16,DOP853 [rtol=1e-06; atol=1e-07][l=1.0;m=0.5;lb=416.5;rb=417.5],0,417.056,0.00030103591029728705
0.000049483105717840203,0,true,Solution found.,1035.544272027832,19,19,DOP853 [rtol=1e-06; atol=1e-07][l=1.0;m=0.5;lb=1035;rb=1037],0,1035.544,0.00027202783189750335
0.008595332085860719,0,true,Solution found.,21932.785761927647,14,14,DOP853 [rtol=1e-06; atol=1e-07][l=1.0;m=0.5;lb=21930;rb=21940],0,21932.783,0.002761927647952689
0.17827011567749196,0,true,Solution found.,471103.8196601125,10,10,DOP853 [rtol=1e-06; atol=1e-07][l=1.0;m=0.5;lb=471100;rb=471110],0,471103.777,0.042660112492740154
