fun,status,success,message,energy,nfev,nit,name,iter,energy_reference,energy_error
6.779565531189746e-7,0,true,Solution found.,417.05626322545845,16,16,BDF [rtol=1e-12; atol=1e-13][l=1.0;m=0.5;lb=416.5;rb=417.5],0,417.056,0.0002632254584682414
0.00039499452967176355,0,true,Solution found.,1036.2360679775,24,24,BDF [rtol=1e-12; atol=1e-13][l=1.0;m=0.5;lb=1035;rb=1037],0,1035.544,0.6920679774998462
0.01077025922204267,0,true,Solution found.,21931.245709411494,22,22,BDF [rtol=1e-12; atol=1e-13][l=1.0;m=0.5;lb=21930;rb=21940],0,21932.783,1.5372905885051296
0.003547199208467006,0,true,Solution found.,471103.8196601125,11,11,BDF [rtol=1e-12; atol=1e-13][l=1.0;m=0.5;lb=471100;rb=471110],0,471103.777,0.042660112492740154
0.000010610099341334944,0,true,Solution found.,417.0559527114199,17,17,BDF [rtol=1e-06; atol=1e-07][l=1.0;m=0.5;lb=416.5;rb=417.5],0,417.056,0.000047288580105941946
0.000026473918104841232,0,true,Solution found.,1035.5434879231611,18,18,BDF [rtol=1e-06; atol=1e-07][l=1.0;m=0.5;lb=1035;rb=1037],0,1035.544,0.0005120768389588193
0.005833212959032608,0,true,Solution found.,21932.771389703175,16,16,BDF [rtol=1e-06; atol=1e-07][l=1.0;m=0.5;lb=21930;rb=21940],0,21932.783,0.011610296824073885
0.16071756462815756,0,true,Solution found.,471103.5222054777,11,11,BDF [rtol=1e-06; atol=1e-07][l=1.0;m=0.5;lb=471100;rb=471110],0,471103.777,0.2547945223050192
