fun,status,success,message,energy,nfev,nit,name,iter,energy_reference,energy_error
6.780452928012437e-7,0,true,Solution found.,417.0562632272365,16,16,RK45 [rtol=1e-12; atol=1e-13][l=1.0;m=0.5;lb=416.5;rb=417.5],0,417.056,0.0002632272365303834
0.000051671399797115214,0,true,Solution found.,1035.5441771305377,18,18,RK45 [rtol=1e-12; atol=1e-13][l=1.0;m=0.5;lb=1035;rb=1037],0,1035.544,0.00017713053762236086
0.004085511464950287,0,true,Solution found.,21932.7837229827,15,15,RK45 [rtol=1e-12; atol=1e-13][l=1.0;m=0.5;lb=21930;rb=21940],0,21932.783,0.0007229826987895649
0.2216086873685299,0,true,Solution found.,471103.7743448116,12,12,RK45 [rtol=1e-12; atol=1e-13][l=1.0;m=0.5;lb=471100;rb=471110],0,471103.777,0.0026551883784122765
9.211427034472308e-7,0,true,Solution found.,417.0562359804365,16,16,RK45 [rtol=1e-06; atol=1e-07][l=1.0;m=0.5;lb=416.5;rb=417.5],0,417.056,0.00023598043651418266
0.00004839331690220661,0,true,Solution found.,1035.544109722206,18,18,RK45 [rtol=1e-06; atol=1e-07][l=1.0;m=0.5;lb=1035;rb=1037],0,1035.544,0.00010972220593430393
0.017557916363443837,0,true,Solution found.,21932.782332009923,14,14,RK45 [rtol=1e-06; atol=1e-07][l=1.0;m=0.5;lb=21930;rb=21940],0,21932.783,0.0006679900761810131
0.16786195209442667,0,true,Solution found.,471103.7496628939,10,10,RK45 [rtol=1e-06; atol=1e-07][l=1.0;m=0.5;lb=471100;rb=471110],0,471103.777,0.027337106119375676
