fun,status,success,message,energy,nfev,nit,name,iter,energy_reference,energy_error
0.0,0,true,Solution found.,417.4999905867892,24,24,RK45 [rtol=1e-12; atol=1e-13][l=1.0;m=0.5;lb=416.5;rb=417.5],0,417.056,0.443990586789198
0.0,0,true,Solution found.,1036.9999841697222,24,24,RK45 [rtol=1e-12; atol=1e-13][l=1.0;m=0.5;lb=1035;rb=1037],0,1035.544,1.4559841697221145
0.0,0,true,Solution found.,21939.99966435317,21,21,RK45 [rtol=1e-12; atol=1e-13][l=1.0;m=0.5;lb=21930;rb=21940],0,21932.783,7.216664353170927
0.0,0,true,Solution found.,471109.9881375871,14,14,RK45 [rtol=1e-12; atol=1e-13][l=1.0;m=0.5;lb=471100;rb=471110],0,471103.777,6.21113758708816
0.0,0,true,Solution found.,417.4999909201222,24,24,RK45 [rtol=1e-06; atol=1e-07][l=1.0;m=0.5;lb=416.5;rb=417.5],0,417.056,0.44399092012218944
0.0,0,true,Solution found.,1036.9999687885268,23,23,RK45 [rtol=1e-06; atol=1e-07][l=1.0;m=0.5;lb=1035;rb=1037],0,1035.544,1.4559687885266612
0.0,0,true,Solution found.,21939.999664686504,21,21,RK45 [rtol=1e-06; atol=1e-07][l=1.0;m=0.5;lb=21930;rb=21940],0,21932.783,7.216664686504373
0.0,0,true,Solution found.,471109.9881375871,14,14,RK45 [rtol=1e-06; atol=1e-07][l=1.0;m=0.5;lb=471100;rb=471110],0,471103.777,6.21113758708816
