eq_name,method,eps,relerr,walltime,errlessref,problem_params,params
STIFF,DOP853,0.000000000001000000000000,0.000000000000000001011577,0.401275590062141418457031,true,"start=0.0,end=200.0",rtol=1e-12;atol=1e-13
STIFF,DOP853,0.000000999999999999999955,0.000000000043595748778641,0.349068131297826766967773,false,"start=0.0,end=200.0",rtol=1e-06;atol=1e-07
