eq_name,method,eps,relerr,walltime,errlessref,problem_params,params
STIFF,RK45,0.000000000001000000000000,0.000000000000000369427886,0.534584776498377323150635,true,"start=0.0,end=200.0",rtol=1e-12;atol=1e-13
STIFF,RK45,0.000000999999999999999955,0.000000000230414050773513,0.453221204690635204315186,false,"start=0.0,end=200.0",rtol=1e-06;atol=1e-07
