eq_name,method,eps,relerr,walltime,errlessref,problem_params,params
STIFF,BDF,0.000000000001000000000000,0.000000000000000000002653,0.148729966953396797180176,true,"start=0.0,end=200.0",rtol=1e-12;atol=1e-13
STIFF,BDF,0.000000999999999999999955,0.000000000000001641042315,0.039595965296030044555664,true,"start=0.0,end=200.0",rtol=1e-06;atol=1e-07
