eq_name,method,eps,relerr,walltime,errlessref,problem_params,params
STIFF,PYRICCATICPP,0.000000000001000000000000,0.000000000000000000000000,0.046102411948144433884167,true,"start=0.0,end=200.0",n=35;p=35;epsh=1e-13
STIFF,PYRICCATICPP,0.000000000001000000000000,0.000000000000000000000000,0.000854913877323269810228,true,"start=0.0,end=200.0",n=20;p=20;epsh=1e-13
STIFF,PYRICCATICPP,0.000000999999999999999955,0.000000000000000000000000,0.020655568179674448081595,true,"start=0.0,end=200.0",n=35;p=35;epsh=1e-07
STIFF,PYRICCATICPP,0.000000999999999999999955,0.000000000000000000000000,0.001028227849863469576391,true,"start=0.0,end=200.0",n=20;p=20;epsh=1e-07
